Gmt time,Open,High,Low,Close,Volume
02.04.2018 00:00:00.000,106.320,106.367,106.275,106.321,2791.5199999999995
02.04.2018 00:15:00.000,106.321,106.321,106.218,106.223,1955.69
02.04.2018 00:30:00.000,106.224,106.253,106.186,106.248,1592.7899999999997
02.04.2018 00:45:00.000,106.249,106.304,106.236,106.281,2203.88
02.04.2018 01:00:00.000,106.282,106.288,106.231,106.276,1781.8500000000001
02.04.2018 01:15:00.000,106.279,106.340,106.262,106.317,1800.8
02.04.2018 01:30:00.000,106.318,106.341,106.281,106.326,1025.17
02.04.2018 01:45:00.000,106.326,106.381,106.320,106.337,1672.01
02.04.2018 02:00:00.000,106.336,106.350,106.291,106.301,1218.48
02.04.2018 02:15:00.000,106.301,106.328,106.280,106.323,1323.5499999999997
02.04.2018 02:30:00.000,106.321,106.332,106.296,106.330,1242.13
02.04.2018 02:45:00.000,106.330,106.341,106.307,106.326,1227.3599999999997
02.04.2018 03:00:00.000,106.325,106.338,106.304,106.314,870.71
02.04.2018 03:15:00.000,106.314,106.351,106.313,106.346,827.9000000000001
02.04.2018 03:30:00.000,106.346,106.363,106.334,106.359,645.51
02.04.2018 03:45:00.000,106.358,106.390,106.352,106.357,1398.66
02.04.2018 04:00:00.000,106.358,106.369,106.316,106.326,1151.61
02.04.2018 04:15:00.000,106.326,106.332,106.313,106.319,846.91
02.04.2018 04:30:00.000,106.319,106.336,106.303,106.314,1271.95
02.04.2018 04:45:00.000,106.313,106.331,106.310,106.331,771.91
02.04.2018 05:00:00.000,106.330,106.354,106.324,106.342,669.28
02.04.2018 05:15:00.000,106.342,106.377,106.327,106.375,652.2000000000002
02.04.2018 05:30:00.000,106.377,106.377,106.339,106.341,936.3000000000002
02.04.2018 05:45:00.000,106.341,106.341,106.300,106.313,1248.5900000000001
02.04.2018 06:00:00.000,106.312,106.324,106.284,106.318,992.77
02.04.2018 06:15:00.000,106.318,106.348,106.318,106.341,795.39
02.04.2018 06:30:00.000,106.342,106.354,106.325,106.344,612.4200000000001
02.04.2018 06:45:00.000,106.343,106.361,106.328,106.330,482.71
02.04.2018 07:00:00.000,106.329,106.331,106.292,106.315,664.4900000000001
02.04.2018 07:15:00.000,106.316,106.330,106.310,106.314,274.65999999999997
02.04.2018 07:30:00.000,106.315,106.322,106.294,106.298,650.4599999999999
02.04.2018 07:45:00.000,106.297,106.300,106.276,106.290,636.56
02.04.2018 08:00:00.000,106.289,106.306,106.283,106.300,468.82
02.04.2018 08:15:00.000,106.299,106.317,106.283,106.301,279.52000000000004
02.04.2018 08:30:00.000,106.302,106.311,106.288,106.289,427.17999999999995
02.04.2018 08:45:00.000,106.289,106.297,106.268,106.283,374.46000000000004
02.04.2018 09:00:00.000,106.283,106.286,106.263,106.284,332.51
02.04.2018 09:15:00.000,106.285,106.285,106.273,106.275,203.65000000000003
02.04.2018 09:30:00.000,106.275,106.280,106.267,106.276,169.65
02.04.2018 09:45:00.000,106.276,106.292,106.274,106.291,121.83
02.04.2018 10:00:00.000,106.292,106.313,106.292,106.303,457.1999999999999
02.04.2018 10:15:00.000,106.303,106.315,106.295,106.303,295.90000000000003
02.04.2018 10:30:00.000,106.303,106.318,106.302,106.307,364.80000000000007
02.04.2018 10:45:00.000,106.308,106.313,106.285,106.285,330.61
02.04.2018 11:00:00.000,106.287,106.299,106.271,106.274,596.0499999999998
02.04.2018 11:15:00.000,106.274,106.307,106.264,106.284,693.95
02.04.2018 11:30:00.000,106.283,106.286,106.264,106.285,904.0900000000001
02.04.2018 11:45:00.000,106.285,106.307,106.274,106.280,674.92
02.04.2018 12:00:00.000,106.279,106.332,106.267,106.325,1443.19
02.04.2018 12:15:00.000,106.324,106.363,106.314,106.357,1604.94
02.04.2018 12:30:00.000,106.356,106.382,106.330,106.352,1196.41
02.04.2018 12:45:00.000,106.353,106.429,106.343,106.427,1516.84
02.04.2018 13:00:00.000,106.426,106.448,106.383,106.385,1690.7699999999995
02.04.2018 13:15:00.000,106.390,106.412,106.355,106.376,1884.28
02.04.2018 13:30:00.000,106.374,106.428,106.341,106.396,2859.21
02.04.2018 13:45:00.000,106.398,106.406,106.350,106.353,2373.51
02.04.2018 14:00:00.000,106.352,106.439,106.339,106.357,2896.48
02.04.2018 14:15:00.000,106.356,106.391,106.315,106.325,2490.06
02.04.2018 14:30:00.000,106.324,106.326,106.208,106.245,2235.42
02.04.2018 14:45:00.000,106.245,106.282,106.217,106.220,2372.5
02.04.2018 15:00:00.000,106.219,106.230,106.090,106.108,2751.8899999999994
02.04.2018 15:15:00.000,106.109,106.113,106.052,106.090,2531.43
02.04.2018 15:30:00.000,106.089,106.093,105.944,105.997,2743.54
02.04.2018 15:45:00.000,105.998,106.052,105.965,105.995,2482.71
02.04.2018 16:00:00.000,105.995,106.052,105.987,106.026,2756.3
02.04.2018 16:15:00.000,106.030,106.095,105.998,106.069,2136.5
02.04.2018 16:30:00.000,106.067,106.121,106.063,106.083,2033.4499999999998
02.04.2018 16:45:00.000,106.083,106.083,106.010,106.014,2469.87
02.04.2018 17:00:00.000,106.012,106.034,105.975,105.977,2899.4199999999996
02.04.2018 17:15:00.000,105.978,105.992,105.859,105.859,3168.9399999999996
02.04.2018 17:30:00.000,105.859,105.876,105.718,105.718,3712.38
02.04.2018 17:45:00.000,105.719,105.732,105.666,105.667,3327.0499999999997
02.04.2018 18:00:00.000,105.666,105.768,105.657,105.761,4119.46
02.04.2018 18:15:00.000,105.761,105.788,105.743,105.782,3368.8600000000006
02.04.2018 18:30:00.000,105.781,105.829,105.768,105.778,3021.46
02.04.2018 18:45:00.000,105.777,105.872,105.763,105.848,2659.45
02.04.2018 19:00:00.000,105.847,105.895,105.820,105.890,1850.13
02.04.2018 19:15:00.000,105.892,105.907,105.834,105.846,2257.9500000000003
02.04.2018 19:30:00.000,105.845,105.907,105.831,105.907,2748.9100000000003
02.04.2018 19:45:00.000,105.907,105.946,105.879,105.898,2430.63
02.04.2018 20:00:00.000,105.897,105.938,105.894,105.927,904.2500000000001
02.04.2018 20:15:00.000,105.928,105.947,105.918,105.926,722.1199999999999
02.04.2018 20:30:00.000,105.926,105.926,105.902,105.910,399.17
02.04.2018 20:45:00.000,105.911,105.919,105.878,105.878,648.3399999999999
02.04.2018 21:00:00.000,105.878,105.893,105.816,105.872,2388.1299999999997
02.04.2018 21:15:00.000,105.874,105.909,105.861,105.870,2155.4399999999996
02.04.2018 21:30:00.000,105.871,105.911,105.858,105.873,1273.5700000000002
02.04.2018 21:45:00.000,105.873,105.883,105.822,105.847,902.3600000000001
02.04.2018 22:00:00.000,105.847,105.879,105.845,105.871,643.1000000000001
02.04.2018 22:15:00.000,105.871,105.887,105.865,105.874,353.66999999999996
02.04.2018 22:30:00.000,105.880,105.883,105.833,105.844,386.18
02.04.2018 22:45:00.000,105.844,105.856,105.834,105.834,360.71
02.04.2018 23:00:00.000,105.833,105.848,105.790,105.802,731.47
02.04.2018 23:15:00.000,105.801,105.828,105.793,105.802,725.42
02.04.2018 23:30:00.000,105.802,105.803,105.738,105.765,1386.26
02.04.2018 23:45:00.000,105.765,105.820,105.744,105.795,961.7700000000001
03.04.2018 00:00:00.000,105.796,105.842,105.720,105.830,1782.4299999999998
03.04.2018 00:15:00.000,105.830,105.854,105.728,105.751,2323.86
03.04.2018 00:30:00.000,105.752,105.785,105.692,105.777,1988.04
03.04.2018 00:45:00.000,105.779,105.834,105.751,105.810,1666.8500000000001
03.04.2018 01:00:00.000,105.809,105.887,105.799,105.842,2180.89
03.04.2018 01:15:00.000,105.841,105.936,105.836,105.899,2111.08
03.04.2018 01:30:00.000,105.899,105.935,105.880,105.922,1874.12
03.04.2018 01:45:00.000,105.923,105.927,105.860,105.861,1618.4400000000003
03.04.2018 02:00:00.000,105.861,105.883,105.819,105.838,1504.6299999999999
03.04.2018 02:15:00.000,105.837,105.878,105.832,105.860,1185.8899999999999
03.04.2018 02:30:00.000,105.859,105.953,105.854,105.938,1584.5000000000002
03.04.2018 02:45:00.000,105.937,105.939,105.899,105.904,785.49
03.04.2018 03:00:00.000,105.904,105.927,105.888,105.888,977.0899999999999
03.04.2018 03:15:00.000,105.891,105.902,105.868,105.894,1195.6000000000001
03.04.2018 03:30:00.000,105.892,105.976,105.887,105.934,1822.1699999999998
03.04.2018 03:45:00.000,105.933,105.951,105.920,105.949,803.19
03.04.2018 04:00:00.000,105.948,105.976,105.932,105.942,1194.1399999999999
03.04.2018 04:15:00.000,105.943,105.975,105.921,105.975,760.9599999999999
03.04.2018 04:30:00.000,105.974,105.975,105.925,105.931,942.86
03.04.2018 04:45:00.000,105.931,105.961,105.925,105.936,713.17
03.04.2018 05:00:00.000,105.936,105.976,105.927,105.936,1005.9400000000002
03.04.2018 05:15:00.000,105.941,105.970,105.902,105.907,1633.9299999999998
03.04.2018 05:30:00.000,105.906,105.922,105.873,105.919,1433.0300000000002
03.04.2018 05:45:00.000,105.923,106.036,105.922,105.988,1789.1000000000001
03.04.2018 06:00:00.000,105.986,106.002,105.919,105.956,1477.7799999999997
03.04.2018 06:15:00.000,105.955,106.064,105.955,106.038,1998.3200000000002
03.04.2018 06:30:00.000,106.039,106.070,105.998,106.008,1842.78
03.04.2018 06:45:00.000,106.008,106.025,105.758,105.897,2953.6800000000003
03.04.2018 07:00:00.000,105.895,106.026,105.893,105.998,2895.29
03.04.2018 07:15:00.000,105.998,106.037,105.946,106.027,2483.09
03.04.2018 07:30:00.000,106.026,106.092,106.020,106.058,2224.1699999999996
03.04.2018 07:45:00.000,106.058,106.060,106.014,106.042,2031.31
03.04.2018 08:00:00.000,106.044,106.191,106.039,106.183,2618.98
03.04.2018 08:15:00.000,106.183,106.183,106.127,106.138,1729.72
03.04.2018 08:30:00.000,106.139,106.167,106.095,106.128,1979.16
03.04.2018 08:45:00.000,106.128,106.156,106.097,106.099,1653.62
03.04.2018 09:00:00.000,106.097,106.106,106.060,106.097,1584.44
03.04.2018 09:15:00.000,106.095,106.122,106.056,106.117,1767.23
03.04.2018 09:30:00.000,106.117,106.190,106.117,106.187,2007.4500000000003
03.04.2018 09:45:00.000,106.188,106.207,106.161,106.202,1848.4
03.04.2018 10:00:00.000,106.202,106.237,106.156,106.157,1641.8000000000004
03.04.2018 10:15:00.000,106.157,106.167,106.129,106.141,1581.2999999999995
03.04.2018 10:30:00.000,106.141,106.237,106.141,106.234,1693.32
03.04.2018 10:45:00.000,106.235,106.268,106.197,106.197,1786.6
03.04.2018 11:00:00.000,106.199,106.230,106.175,106.216,1916.49
03.04.2018 11:15:00.000,106.215,106.230,106.160,106.212,2038.2
03.04.2018 11:30:00.000,106.212,106.273,106.212,106.250,2145.59
03.04.2018 11:45:00.000,106.250,106.265,106.230,106.248,1821.21
03.04.2018 12:00:00.000,106.247,106.299,106.232,106.242,2010.7
03.04.2018 12:15:00.000,106.245,106.258,106.202,106.253,1902.02
03.04.2018 12:30:00.000,106.254,106.283,106.209,106.243,2077.61
03.04.2018 12:45:00.000,106.245,106.302,106.225,106.293,2176.6
03.04.2018 13:00:00.000,106.296,106.405,106.270,106.388,2489.8
03.04.2018 13:15:00.000,106.389,106.539,106.362,106.527,3345.52
03.04.2018 13:30:00.000,106.525,106.575,106.510,106.531,3991.0699999999997
03.04.2018 13:45:00.000,106.530,106.558,106.423,106.465,3605.4800000000005
03.04.2018 14:00:00.000,106.464,106.484,106.380,106.405,4236.46
03.04.2018 14:15:00.000,106.407,106.471,106.388,106.471,3421.92
03.04.2018 14:30:00.000,106.471,106.551,106.463,106.534,4066.2300000000005
03.04.2018 14:45:00.000,106.536,106.593,106.525,106.556,4161.21
03.04.2018 15:00:00.000,106.556,106.578,106.505,106.523,3286.0300000000007
03.04.2018 15:15:00.000,106.523,106.546,106.495,106.528,2740.91
03.04.2018 15:30:00.000,106.524,106.540,106.458,106.517,2763.5000000000005
03.04.2018 15:45:00.000,106.518,106.532,106.438,106.439,2734.6899999999996
03.04.2018 16:00:00.000,106.441,106.498,106.441,106.455,2262.0099999999998
03.04.2018 16:15:00.000,106.455,106.476,106.391,106.406,2289.38
03.04.2018 16:30:00.000,106.404,106.479,106.397,106.463,2144.54
03.04.2018 16:45:00.000,106.463,106.469,106.418,106.441,1768.38
03.04.2018 17:00:00.000,106.441,106.456,106.407,106.425,2343.3999999999996
03.04.2018 17:15:00.000,106.425,106.532,106.424,106.504,2442.53
03.04.2018 17:30:00.000,106.504,106.544,106.480,106.544,2151.03
03.04.2018 17:45:00.000,106.544,106.578,106.518,106.561,2031.06
03.04.2018 18:00:00.000,106.561,106.572,106.498,106.501,2412.65
03.04.2018 18:15:00.000,106.500,106.519,106.473,106.499,2052
03.04.2018 18:30:00.000,106.497,106.497,106.421,106.421,2024.41
03.04.2018 18:45:00.000,106.421,106.578,106.421,106.573,3198.7
03.04.2018 19:00:00.000,106.571,106.654,106.535,106.565,3851.4200000000005
03.04.2018 19:15:00.000,106.562,106.651,106.554,106.639,3467.56
03.04.2018 19:30:00.000,106.639,106.641,106.564,106.598,2566.86
03.04.2018 19:45:00.000,106.597,106.655,106.596,106.647,2270.4900000000002
03.04.2018 20:00:00.000,106.650,106.650,106.591,106.614,721.39
03.04.2018 20:15:00.000,106.614,106.631,106.594,106.630,568.7699999999999
03.04.2018 20:30:00.000,106.630,106.653,106.626,106.632,411.08
03.04.2018 20:45:00.000,106.632,106.632,106.595,106.607,544.13
03.04.2018 21:00:00.000,106.606,106.654,106.598,106.649,1215.67
03.04.2018 21:15:00.000,106.649,106.651,106.629,106.641,982.3900000000001
03.04.2018 21:30:00.000,106.641,106.653,106.637,106.642,767.19
03.04.2018 21:45:00.000,106.642,106.643,106.591,106.594,1128.38
03.04.2018 22:00:00.000,106.593,106.618,106.561,106.563,1220.87
03.04.2018 22:15:00.000,106.563,106.570,106.518,106.540,868.19
03.04.2018 22:30:00.000,106.538,106.558,106.504,106.520,329.41999999999996
03.04.2018 22:45:00.000,106.520,106.524,106.494,106.503,398.2099999999999
03.04.2018 23:00:00.000,106.505,106.541,106.505,106.538,566.17
03.04.2018 23:15:00.000,106.538,106.540,106.521,106.536,411.44000000000005
03.04.2018 23:30:00.000,106.535,106.545,106.491,106.498,894.22
03.04.2018 23:45:00.000,106.499,106.507,106.425,106.441,1352.7399999999998
04.04.2018 00:00:00.000,106.445,106.461,106.409,106.452,1947.3900000000003
04.04.2018 00:15:00.000,106.451,106.481,106.431,106.464,1552.96
04.04.2018 00:30:00.000,106.464,106.567,106.464,106.544,2622.0100000000007
04.04.2018 00:45:00.000,106.543,106.590,106.494,106.523,2833.7399999999993
04.04.2018 01:00:00.000,106.525,106.552,106.431,106.475,2886.01
04.04.2018 01:15:00.000,106.475,106.542,106.475,106.531,1749.7600000000004
04.04.2018 01:30:00.000,106.532,106.584,106.481,106.488,2323.3200000000006
04.04.2018 01:45:00.000,106.489,106.528,106.471,106.514,1907.53
04.04.2018 02:00:00.000,106.514,106.546,106.476,106.483,1895.0700000000002
04.04.2018 02:15:00.000,106.483,106.514,106.465,106.499,1230.04
04.04.2018 02:30:00.000,106.499,106.515,106.474,106.487,1659.2400000000002
04.04.2018 02:45:00.000,106.487,106.494,106.459,106.476,676.61
04.04.2018 03:00:00.000,106.478,106.523,106.477,106.503,1151.6299999999999
04.04.2018 03:15:00.000,106.502,106.560,106.497,106.541,1166.75
04.04.2018 03:30:00.000,106.541,106.542,106.464,106.496,1548.3899999999996
04.04.2018 03:45:00.000,106.497,106.516,106.472,106.506,1213.89
04.04.2018 04:00:00.000,106.507,106.515,106.485,106.509,1090.68
04.04.2018 04:15:00.000,106.508,106.515,106.487,106.492,739.73
04.04.2018 04:30:00.000,106.490,106.536,106.489,106.533,891.8100000000001
04.04.2018 04:45:00.000,106.533,106.557,106.508,106.557,1415.22
04.04.2018 05:00:00.000,106.556,106.564,106.514,106.559,1304.63
04.04.2018 05:15:00.000,106.561,106.590,106.549,106.584,1228.05
04.04.2018 05:30:00.000,106.583,106.591,106.538,106.550,1595.1399999999999
04.04.2018 05:45:00.000,106.549,106.561,106.496,106.540,1539.2199999999998
04.04.2018 06:00:00.000,106.540,106.579,106.529,106.570,2041.6100000000001
04.04.2018 06:15:00.000,106.570,106.621,106.559,106.588,1599.19
04.04.2018 06:30:00.000,106.586,106.636,106.557,106.635,1351.4800000000002
04.04.2018 06:45:00.000,106.635,106.687,106.611,106.653,1340.2499999999998
04.04.2018 07:00:00.000,106.650,106.650,106.515,106.522,2773.94
04.04.2018 07:15:00.000,106.523,106.567,106.499,106.515,2225.46
04.04.2018 07:30:00.000,106.515,106.516,106.335,106.381,2341.04
04.04.2018 07:45:00.000,106.381,106.381,106.193,106.204,4700.16
04.04.2018 08:00:00.000,106.205,106.213,105.990,106.049,4829.219999999999
04.04.2018 08:15:00.000,106.049,106.119,106.036,106.087,3268.85
04.04.2018 08:30:00.000,106.090,106.181,106.059,106.169,3365.1800000000003
04.04.2018 08:45:00.000,106.169,106.221,106.115,106.197,2730.57
04.04.2018 09:00:00.000,106.199,106.210,106.152,106.167,2504.1399999999994
04.04.2018 09:15:00.000,106.169,106.174,106.106,106.149,2352.51
04.04.2018 09:30:00.000,106.149,106.155,106.119,106.147,1786.4600000000005
04.04.2018 09:45:00.000,106.147,106.173,106.124,106.169,1473.21
04.04.2018 10:00:00.000,106.170,106.176,106.082,106.104,6831.5399
04.04.2018 10:15:00.000,106.105,106.122,105.992,106.041,3215.6000000000004
04.04.2018 10:30:00.000,106.042,106.144,106.033,106.134,2328.7200000000003
04.04.2018 10:45:00.000,106.133,106.173,106.123,106.135,2202.5899999999997
04.04.2018 11:00:00.000,106.136,106.181,106.124,106.136,2042.24
04.04.2018 11:15:00.000,106.136,106.236,106.129,106.224,2718.7999999999997
04.04.2018 11:30:00.000,106.223,106.247,106.197,106.207,2144.36
04.04.2018 11:45:00.000,106.207,106.240,106.162,106.174,2108.91
04.04.2018 12:00:00.000,106.174,106.242,106.169,106.212,2467.870000000001
04.04.2018 12:15:00.000,106.211,106.278,106.121,106.173,3716.54
04.04.2018 12:30:00.000,106.172,106.232,106.128,106.218,2842.94
04.04.2018 12:45:00.000,106.218,106.277,106.198,106.248,2648.68
04.04.2018 13:00:00.000,106.248,106.268,106.206,106.252,2108.1899999999996
04.04.2018 13:15:00.000,106.250,106.267,106.188,106.246,2307.71
04.04.2018 13:30:00.000,106.244,106.356,106.215,106.325,4413.63
04.04.2018 13:45:00.000,106.319,106.347,106.262,106.324,3580.33
04.04.2018 14:00:00.000,106.335,106.350,106.262,106.309,3529.21
04.04.2018 14:15:00.000,106.310,106.339,106.271,106.277,3035.54
04.04.2018 14:30:00.000,106.278,106.308,106.238,106.302,2862.42
04.04.2018 14:45:00.000,106.302,106.566,106.299,106.551,3474.27
04.04.2018 15:00:00.000,106.551,106.563,106.472,106.484,2852.37
04.04.2018 15:15:00.000,106.484,106.593,106.481,106.579,2968.840000000001
04.04.2018 15:30:00.000,106.578,106.628,106.541,106.550,2676.92
04.04.2018 15:45:00.000,106.550,106.590,106.517,106.559,2425.7400000000002
04.04.2018 16:00:00.000,106.558,106.650,106.535,106.622,2207.21
04.04.2018 16:15:00.000,106.621,106.648,106.589,106.633,1994.8199999999997
04.04.2018 16:30:00.000,106.633,106.647,106.610,106.634,1889.51
04.04.2018 16:45:00.000,106.634,106.644,106.578,106.612,1840.1699999999998
04.04.2018 17:00:00.000,106.614,106.623,106.537,106.551,1992.8600000000004
04.04.2018 17:15:00.000,106.551,106.578,106.509,106.554,2150.37
04.04.2018 17:30:00.000,106.554,106.589,106.527,106.561,1662.57
04.04.2018 17:45:00.000,106.561,106.573,106.510,106.573,1854.65
04.04.2018 18:00:00.000,106.576,106.649,106.576,106.649,2033.62
04.04.2018 18:15:00.000,106.650,106.755,106.644,106.741,2771.7700000000004
04.04.2018 18:30:00.000,106.741,106.799,106.712,106.759,2577.03
04.04.2018 18:45:00.000,106.758,106.762,106.695,106.741,2367.7
04.04.2018 19:00:00.000,106.739,106.746,106.680,106.683,1625.52
04.04.2018 19:15:00.000,106.683,106.755,106.680,106.752,2187.5099999999998
04.04.2018 19:30:00.000,106.752,106.820,106.734,106.780,2310.5299999999997
04.04.2018 19:45:00.000,106.783,106.822,106.783,106.796,2353.0600000000004
04.04.2018 20:00:00.000,106.796,106.846,106.789,106.837,907.3199999999998
04.04.2018 20:15:00.000,106.837,106.846,106.815,106.826,685.1099999999999
04.04.2018 20:30:00.000,106.826,106.833,106.797,106.804,559.04
04.04.2018 20:45:00.000,106.805,106.823,106.756,106.773,539.4300000000001
04.04.2018 21:00:00.000,106.772,106.774,106.732,106.742,1331.06
04.04.2018 21:15:00.000,106.745,106.766,106.735,106.742,1289.2100000000003
04.04.2018 21:30:00.000,106.742,106.747,106.720,106.733,2096.57
04.04.2018 21:45:00.000,106.733,106.769,106.731,106.760,709.23
04.04.2018 22:00:00.000,106.759,106.811,106.749,106.780,717.8299999999999
04.04.2018 22:15:00.000,106.781,106.781,106.735,106.751,317.2
04.04.2018 22:30:00.000,106.749,106.774,106.729,106.748,353.8300000000001
04.04.2018 22:45:00.000,106.748,106.786,106.743,106.780,320.83
04.04.2018 23:00:00.000,106.780,106.796,106.741,106.769,664.11
04.04.2018 23:15:00.000,106.768,106.777,106.745,106.764,385.7200000000001
04.04.2018 23:30:00.000,106.763,106.769,106.746,106.752,444.01000000000005
04.04.2018 23:45:00.000,106.753,106.804,106.745,106.785,1441.21
05.04.2018 00:00:00.000,106.789,106.847,106.779,106.842,2318.3399999999997
05.04.2018 00:15:00.000,106.844,106.849,106.759,106.775,2212.72
05.04.2018 00:30:00.000,106.775,106.826,106.739,106.739,2036.9099999999999
05.04.2018 00:45:00.000,106.739,106.877,106.710,106.867,2646.68
05.04.2018 01:00:00.000,106.864,106.871,106.776,106.782,2579.3099999999995
05.04.2018 01:15:00.000,106.782,106.879,106.779,106.873,2172.73
05.04.2018 01:30:00.000,106.873,106.915,106.843,106.883,1702.0600000000004
05.04.2018 01:45:00.000,106.884,106.972,106.871,106.960,2465.4599999999996
05.04.2018 02:00:00.000,106.959,106.987,106.930,106.932,1775.4799999999998
05.04.2018 02:15:00.000,106.932,106.955,106.899,106.914,1642.9099999999999
05.04.2018 02:30:00.000,106.914,106.977,106.914,106.960,1190.3599999999997
05.04.2018 02:45:00.000,106.961,106.978,106.952,106.975,920.49
05.04.2018 03:00:00.000,106.975,106.992,106.956,106.968,872.45
05.04.2018 03:15:00.000,106.967,106.968,106.921,106.950,1055.6100000000001
05.04.2018 03:30:00.000,106.948,106.966,106.906,106.924,1052.23
05.04.2018 03:45:00.000,106.924,106.936,106.899,106.919,1760.57
05.04.2018 04:00:00.000,106.919,106.984,106.918,106.958,1567.73
05.04.2018 04:15:00.000,106.957,107.023,106.956,106.970,1834.8999999999999
05.04.2018 04:30:00.000,106.970,106.992,106.902,106.950,1422.2400000000002
05.04.2018 04:45:00.000,106.950,106.951,106.916,106.936,1145.21
05.04.2018 05:00:00.000,106.936,106.941,106.894,106.906,1193.7199999999998
05.04.2018 05:15:00.000,106.905,106.917,106.889,106.912,900.31
05.04.2018 05:30:00.000,106.912,106.945,106.832,106.847,1848.0199999999998
05.04.2018 05:45:00.000,106.848,106.923,106.837,106.898,1980.5000000000002
05.04.2018 06:00:00.000,106.898,106.944,106.866,106.942,1993.4400000000003
05.04.2018 06:15:00.000,106.942,106.974,106.922,106.971,1670.2799999999997
05.04.2018 06:30:00.000,106.971,107.079,106.955,107.059,2253.35
05.04.2018 06:45:00.000,107.059,107.086,107.031,107.057,1950.8299999999997
05.04.2018 07:00:00.000,107.057,107.130,107.053,107.102,2010.2199999999998
05.04.2018 07:15:00.000,107.102,107.152,107.081,107.090,2150.3
05.04.2018 07:30:00.000,107.089,107.143,107.078,107.122,2761.2
05.04.2018 07:45:00.000,107.120,107.129,107.056,107.056,1946.8899999999999
05.04.2018 08:00:00.000,107.057,107.075,107.028,107.050,2297.6800000000003
05.04.2018 08:15:00.000,107.049,107.081,107.039,107.072,1670.73
05.04.2018 08:30:00.000,107.072,107.110,107.069,107.088,1471.98
05.04.2018 08:45:00.000,107.088,107.143,107.068,107.115,1824.3800000000003
05.04.2018 09:00:00.000,107.115,107.127,107.091,107.102,1822.93
05.04.2018 09:15:00.000,107.103,107.116,107.038,107.046,1382.4
05.04.2018 09:30:00.000,107.045,107.049,106.972,106.980,1742.82
05.04.2018 09:45:00.000,106.980,107.056,106.951,107.050,1954.92
05.04.2018 10:00:00.000,107.053,107.061,107.031,107.058,1890.9999999999998
05.04.2018 10:15:00.000,107.058,107.059,107.006,107.015,2064.2999999999997
05.04.2018 10:30:00.000,107.006,107.016,106.966,106.980,1828.18
05.04.2018 10:45:00.000,106.980,107.002,106.969,106.995,1819.9800000000002
05.04.2018 11:00:00.000,106.997,107.014,106.973,107.002,1678.9599999999998
05.04.2018 11:15:00.000,107.003,107.047,106.999,107.035,1575.14
05.04.2018 11:30:00.000,107.036,107.094,107.036,107.076,1563.9599999999996
05.04.2018 11:45:00.000,107.074,107.079,107.013,107.042,1494.3199999999997
05.04.2018 12:00:00.000,107.050,107.081,107.005,107.065,1652.8600000000001
05.04.2018 12:15:00.000,107.065,107.146,107.031,107.105,2960.17
05.04.2018 12:30:00.000,107.105,107.137,107.023,107.067,2958.88
05.04.2018 12:45:00.000,107.068,107.087,107.028,107.081,2197.93
05.04.2018 13:00:00.000,107.080,107.111,107.062,107.078,2359.6000000000004
05.04.2018 13:15:00.000,107.077,107.124,107.067,107.122,2193.3299999999995
05.04.2018 13:30:00.000,107.119,107.122,107.039,107.050,3325.4700000000007
05.04.2018 13:45:00.000,107.049,107.131,107.000,107.129,2877.2200000000003
05.04.2018 14:00:00.000,107.130,107.238,107.111,107.217,2987.59
05.04.2018 14:15:00.000,107.217,107.266,107.202,107.253,2892.0299999999997
05.04.2018 14:30:00.000,107.252,107.400,107.247,107.397,2941.0899999999997
05.04.2018 14:45:00.000,107.395,107.491,107.378,107.455,3573.5299999999997
05.04.2018 15:00:00.000,107.456,107.462,107.393,107.408,3031.2000000000003
05.04.2018 15:15:00.000,107.409,107.433,107.394,107.419,2356.0699999999997
05.04.2018 15:30:00.000,107.420,107.478,107.407,107.459,2113.58
05.04.2018 15:45:00.000,107.459,107.485,107.429,107.480,1759.0400000000002
05.04.2018 16:00:00.000,107.480,107.482,107.444,107.450,1569.2
05.04.2018 16:15:00.000,107.448,107.448,107.340,107.387,2518.7799999999997
05.04.2018 16:30:00.000,107.386,107.421,107.361,107.406,70606.7113
05.04.2018 16:45:00.000,107.405,107.438,107.394,107.427,1463.2600000000004
05.04.2018 17:00:00.000,107.427,107.452,107.413,107.436,1253.33
05.04.2018 17:15:00.000,107.436,107.439,107.387,107.411,1894.25
05.04.2018 17:30:00.000,107.411,107.433,107.320,107.342,1945.4500000000003
05.04.2018 17:45:00.000,107.342,107.394,107.337,107.373,1733.4
05.04.2018 18:00:00.000,107.374,107.426,107.365,107.401,1799.83
05.04.2018 18:15:00.000,107.403,107.424,107.388,107.394,1403.93
05.04.2018 18:30:00.000,107.394,107.445,107.389,107.440,1151.3899999999999
05.04.2018 18:45:00.000,107.440,107.448,107.420,107.440,1259.43
05.04.2018 19:00:00.000,107.439,107.457,107.415,107.439,1161.05
05.04.2018 19:15:00.000,107.440,107.449,107.409,107.420,909.1300000000001
05.04.2018 19:30:00.000,107.420,107.466,107.379,107.460,1057.75
05.04.2018 19:45:00.000,107.460,107.489,107.452,107.465,1286.1299999999999
05.04.2018 20:00:00.000,107.467,107.478,107.371,107.404,1059.34
05.04.2018 20:15:00.000,107.405,107.405,107.391,107.396,444.08
05.04.2018 20:30:00.000,107.396,107.407,107.391,107.404,314.27000000000004
05.04.2018 20:45:00.000,107.403,107.408,107.369,107.381,351.28
05.04.2018 21:00:00.000,107.381,107.410,107.369,107.379,910.07
05.04.2018 21:15:00.000,107.380,107.410,107.367,107.394,1347.6100000000001
05.04.2018 21:30:00.000,107.397,107.403,107.367,107.379,859.32
05.04.2018 21:45:00.000,107.379,107.429,107.378,107.413,1033.69
05.04.2018 22:00:00.000,107.412,107.431,107.399,107.430,461.83
05.04.2018 22:15:00.000,107.431,107.435,107.399,107.429,338.34
05.04.2018 22:30:00.000,107.429,107.429,107.366,107.366,634.1199999999999
05.04.2018 22:45:00.000,107.366,107.377,107.155,107.156,2486.82
05.04.2018 23:00:00.000,107.156,107.197,107.075,107.082,3224.98
05.04.2018 23:15:00.000,107.086,107.124,107.047,107.078,1958.33
05.04.2018 23:30:00.000,107.078,107.109,107.029,107.093,2114.2400000000002
05.04.2018 23:45:00.000,107.094,107.135,107.000,107.106,2215.4500000000003
06.04.2018 00:00:00.000,107.105,107.170,107.064,107.133,3408.38
06.04.2018 00:15:00.000,107.135,107.160,107.064,107.132,2711.1900000000005
06.04.2018 00:30:00.000,107.131,107.156,107.098,107.150,1976.9900000000002
06.04.2018 00:45:00.000,107.150,107.187,107.118,107.152,2369.25
06.04.2018 01:00:00.000,107.153,107.183,107.010,107.048,2942.7999999999997
06.04.2018 01:15:00.000,107.046,107.125,106.994,107.113,2886.7200000000003
06.04.2018 01:30:00.000,107.113,107.156,107.091,107.127,3088.3
06.04.2018 01:45:00.000,107.126,107.153,107.105,107.143,2817.7
06.04.2018 02:00:00.000,107.145,107.181,107.130,107.169,1982.94
06.04.2018 02:15:00.000,107.170,107.264,107.143,107.207,2642.8999999999996
06.04.2018 02:30:00.000,107.206,107.211,107.171,107.183,1608.0800000000004
06.04.2018 02:45:00.000,107.183,107.222,107.175,107.217,1178.8299999999997
06.04.2018 03:00:00.000,107.218,107.244,107.175,107.200,1416.14
06.04.2018 03:15:00.000,107.200,107.281,107.196,107.272,1691.92
06.04.2018 03:30:00.000,107.272,107.285,107.244,107.266,2171.19
06.04.2018 03:45:00.000,107.263,107.275,107.213,107.228,1810.1000000000001
06.04.2018 04:00:00.000,107.229,107.284,107.224,107.252,1462.19
06.04.2018 04:15:00.000,107.252,107.370,107.244,107.348,2061.38
06.04.2018 04:30:00.000,107.348,107.439,107.344,107.394,2322.03
06.04.2018 04:45:00.000,107.394,107.403,107.319,107.351,2123.2799999999997
06.04.2018 05:00:00.000,107.350,107.381,107.316,107.349,2212.99
06.04.2018 05:15:00.000,107.350,107.374,107.306,107.313,2378.4300000000003
06.04.2018 05:30:00.000,107.313,107.314,107.270,107.292,1915.4999999999998
06.04.2018 05:45:00.000,107.291,107.344,107.268,107.286,1593.77
06.04.2018 06:00:00.000,107.288,107.367,107.276,107.346,1844.79
06.04.2018 06:15:00.000,107.345,107.392,107.328,107.340,2013.65
06.04.2018 06:30:00.000,107.344,107.382,107.313,107.376,1932.9599999999998
06.04.2018 06:45:00.000,107.375,107.430,107.364,107.418,1949.44
06.04.2018 07:00:00.000,107.419,107.431,107.351,107.379,2489.5799999999995
06.04.2018 07:15:00.000,107.381,107.448,107.371,107.437,1971.94
06.04.2018 07:30:00.000,107.437,107.460,107.399,107.403,1676.3700000000001
06.04.2018 07:45:00.000,107.403,107.428,107.370,107.400,1662.41
06.04.2018 08:00:00.000,107.405,107.443,107.356,107.371,1721.84
06.04.2018 08:15:00.000,107.371,107.424,107.352,107.412,1636.9300000000003
06.04.2018 08:30:00.000,107.414,107.429,107.373,107.402,1095.16
06.04.2018 08:45:00.000,107.401,107.416,107.371,107.414,1216.3999999999999
06.04.2018 09:00:00.000,107.414,107.422,107.390,107.404,1081.95
06.04.2018 09:15:00.000,107.403,107.415,107.365,107.384,1448.0900000000001
06.04.2018 09:30:00.000,107.384,107.387,107.327,107.348,1265.4300000000003
06.04.2018 09:45:00.000,107.346,107.351,107.323,107.329,1113.3600000000001
06.04.2018 10:00:00.000,107.325,107.393,107.323,107.340,1429.54
06.04.2018 10:15:00.000,107.340,107.387,107.328,107.380,1123.67
06.04.2018 10:30:00.000,107.380,107.402,107.368,107.384,1037.7
06.04.2018 10:45:00.000,107.385,107.391,107.353,107.387,1033.06
06.04.2018 11:00:00.000,107.387,107.392,107.313,107.329,1328.8399999999997
06.04.2018 11:15:00.000,107.330,107.378,107.310,107.370,1139.1099999999997
06.04.2018 11:30:00.000,107.368,107.371,107.320,107.354,1236.8
06.04.2018 11:45:00.000,107.354,107.354,107.307,107.308,1380.8899999999999
06.04.2018 12:00:00.000,107.309,107.365,107.295,107.341,1780.53
06.04.2018 12:15:00.000,107.341,107.402,107.324,107.401,1598.0500000000002
06.04.2018 12:30:00.000,107.406,107.406,107.125,107.298,6135.699999999999
06.04.2018 12:45:00.000,107.299,107.406,107.204,107.225,3446.520000000001
06.04.2018 13:00:00.000,107.223,107.248,107.101,107.134,3716.89
06.04.2018 13:15:00.000,107.135,107.136,106.988,107.059,3825.85
06.04.2018 13:30:00.000,107.057,107.185,107.029,107.164,4026.47
06.04.2018 13:45:00.000,107.163,107.285,107.144,107.216,3547.28
06.04.2018 14:00:00.000,107.216,107.252,107.137,107.140,3217.4800000000005
06.04.2018 14:15:00.000,107.140,107.256,107.129,107.221,2868.32
06.04.2018 14:30:00.000,107.221,107.222,107.113,107.145,3076.09
06.04.2018 14:45:00.000,107.144,107.177,107.071,107.119,3625.9600000000005
06.04.2018 15:00:00.000,107.118,107.118,106.952,107.063,3785.390000000001
06.04.2018 15:15:00.000,107.064,107.088,106.948,107.007,3120.499999999999
06.04.2018 15:30:00.000,107.009,107.099,107.009,107.023,2820.4900000000002
06.04.2018 15:45:00.000,107.023,107.061,106.978,107.044,2994.5200000000004
06.04.2018 16:00:00.000,107.044,107.103,107.032,107.039,2437.7499999999995
06.04.2018 16:15:00.000,107.040,107.069,106.996,107.063,2275.4100000000003
06.04.2018 16:30:00.000,107.062,107.154,107.041,107.116,2886.8999999999996
06.04.2018 16:45:00.000,107.115,107.127,107.080,107.108,2395.4700000000003
06.04.2018 17:00:00.000,107.108,107.108,107.026,107.064,2755.7800000000007
06.04.2018 17:15:00.000,107.063,107.081,107.035,107.069,2274.4
06.04.2018 17:30:00.000,107.067,107.110,106.990,107.007,2809.61
06.04.2018 17:45:00.000,107.007,107.015,106.830,106.852,3652.86
06.04.2018 18:00:00.000,106.851,106.908,106.824,106.870,3040.14
06.04.2018 18:15:00.000,106.868,106.930,106.851,106.889,2386.17
06.04.2018 18:30:00.000,106.886,106.923,106.844,106.899,2796.45
06.04.2018 18:45:00.000,106.899,106.903,106.837,106.841,2780.4500000000007
06.04.2018 19:00:00.000,106.840,106.893,106.775,106.893,3085.81
06.04.2018 19:15:00.000,106.894,106.922,106.853,106.859,3471.19
06.04.2018 19:30:00.000,106.860,106.891,106.847,106.862,2926.0399999999995
06.04.2018 19:45:00.000,106.861,106.903,106.846,106.870,2949.69
06.04.2018 20:00:00.000,106.870,106.893,106.844,106.887,1303.9199999999998
06.04.2018 20:15:00.000,106.888,106.924,106.886,106.914,492.67999999999995
06.04.2018 20:30:00.000,106.915,106.975,106.908,106.975,661.71
06.04.2018 20:45:00.000,106.976,106.976,106.902,106.902,590.8900000000001